"key","timestamp","wall_time","imu_temp","imu_ax","imu_ay","imu_az","imu_gx","imu_gy","imu_gz","msu_ax","msu_ay","msu_az","baro_temp","baro"
"1","1538105578.8467731","2018-09-28_113258","54.022","-0.543","0.476","-0.76","-0.732","-2.563","0.008","1.587","57.486","-32.554","51.49","1006.36"
"2","1538105578.8720944","2018-09-28_113258","54.04","-0.545","0.473","-0.767","-0.237","-2.052","0.183","2.292","55.718","-32.554","51.49","1006.36"
"3","1538105578.8954253","2018-09-28_113258","54.022","-0.545","0.477","-0.761","-0.328","-1.228","-0.793","2.292","55.01","-33.576","51.49","1006.36"
"4","1538105578.9205644","2018-09-28_113258","54.037","-0.543","0.481","-0.757","-0.381","0.183","-1.06","2.821","55.187","-32.724","51.49","1006.36"
"5","1538105578.9437902","2018-09-28_113258","54.019","-0.543","0.483","-0.754","0.168","0.877","-0.671","2.292","55.718","-33.235","51.49","1006.36"
"6","1538105578.975108","2018-09-28_113258","54.019","-0.547","0.485","-0.76","-0.16","1.038","-0.58","3.526","54.126","-34.088","51.5","1006.34"
"7","1538105578.9982655","2018-09-28_113258","54.043","-0.551","0.488","-0.752","-0.687","0.45","-0.168","2.997","54.656","-34.258","51.5","1006.34"
"8","1538105579.0216055","2018-09-28_113259","54.046","-0.551","0.489","-0.756","-0.427","-0.13","-0.183","2.468","54.479","-34.088","51.5","1006.34"
"9","1538105579.0454094","2018-09-28_113259","54.07","-0.554","0.49","-0.763","-0.816","-0.664","-0.145","3.35","55.718","-33.917","51.49","1006.34"
"10","1538105579.0740945","2018-09-28_113259","54.052","-0.552","0.485","-0.758","-1.534","-1.312","0.031","2.644","54.656","-33.576","51.49","1006.34"
"11","1538105579.099482","2018-09-28_113259","54.058","-0.549","0.478","-0.756","-1.343","-2.068","0.015","2.116","54.833","-34.088","51.49","1006.34"
"12","1538105579.1235697","2018-09-28_113259","54.034","-0.548","0.473","-0.759","-0.877","-2.426","-0.275","2.997","55.364","-31.872","51.49","1006.35"
"13","1538105579.1490889","2018-09-28_113259","54.01","-0.547","0.473","-0.756","-0.259","-2.205","-0.908","2.821","54.833","-32.724","51.49","1006.35"
"14","1538105579.1765192","2018-09-28_113259","54.037","-0.548","0.479","-0.759","-0.389","-1.495","-1.175","3.173","55.187","-34.088","51.5","1006.35"
"15","1538105579.203214","2018-09-28_113259","54.055","-0.547","0.479","-0.76","-0.58","-0.885","-0.633","2.644","54.656","-32.895","51.5","1006.35"
"16","1538105579.2279358","2018-09-28_113259","54.055","-0.549","0.475","-0.76","-0.443","-1.106","-0.496","2.292","55.718","-33.235","51.5","1006.35"
"17","1538105579.252029","2018-09-28_113259","54.037","-0.546","0.48","-0.761","-0.229","-1.549","-0.465","3.35","55.718","-32.895","51.5","1006.35"
"18","1538105579.2790525","2018-09-28_113259","54.019","-0.546","0.483","-0.758","0.13","-1.053","-0.954","3.35","56.071","-33.235","51.5","1006.35"
"19","1538105579.3043597","2018-09-28_113259","54.055","-0.545","0.486","-0.756","-0.343","0.084","-0.389","3.526","56.248","-34.088","51.5","1006.35"
"20","1538105579.3296509","2018-09-28_113259","54.085","-0.547","0.484","-0.753","-0.664","1.152","-0.13","3.702","53.595","-33.917","51.5","1006.37"
"21","1538105579.3532138","2018-09-28_113259","54.016","-0.552","0.481","-0.754","-0.519","1.678","-0.214","2.997","56.071","-33.235","51.5","1006.37"
"22","1538105579.3811002","2018-09-28_113259","54.046","-0.549","0.478","-0.754","-0.664","0.938","-0.031","3.173","54.833","-32.724","51.5","1006.4"
"23","1538105579.4075892","2018-09-28_113259","54.055","-0.552","0.476","-0.753","-0.13","-0.458","0.397","2.997","57.133","-33.235","51.5","1006.4"
"24","1538105579.4311895","2018-09-28_113259","54.061","-0.551","0.476","-0.761","0.008","-1.526","-0.099","3.173","54.479","-34.429","51.5","1006.4"
"25","1538105579.4540503","2018-09-28_113259","54.058","-0.551","0.48","-0.759","0.305","-1.297","-0.587","2.292","55.718","-34.599","51.5","1006.37"
"26","1538105579.491622","2018-09-28_113259","54.04","-0.55","0.477","-0.758","-0.191","0.71","-1.099","2.468","55.541","-32.724","51.5","1006.37"
"27","1538105579.519349","2018-09-28_113259","54.067","-0.551","0.48","-0.759","-0.13","1.266","-0.717","2.116","55.541","-33.747","51.5","1006.34"
"28","1538105579.54235","2018-09-28_113259","54.049","-0.55","0.482","-0.762","-0.32","0.71","-0.465","1.939","55.01","-33.917","51.5","1006.34"
"29","1538105579.5673048","2018-09-28_113259","54.04","-0.551","0.479","-0.755","-0.725","-0.008","-0.023","2.997","54.302","-33.917","51.5","1006.34"
"30","1538105579.592466","2018-09-28_113259","54.07","-0.546","0.479","-0.756","-0.946","-0.458","-0.32","1.939","56.071","-33.917","51.5","1006.36"
"31","1538105579.6201823","2018-09-28_113259","54.058","-0.549","0.478","-0.759","-0.87","0.206","-0.206","3.702","55.364","-32.895","51.5","1006.36"
"32","1538105579.666857","2018-09-28_113259","54.076","-0.55","0.48","-0.755","-0.435","0.786","-0.359","2.292","56.425","-33.576","51.5","1006.34"
"33","1538105579.6928074","2018-09-28_113259","54.064","-0.555","0.487","-0.759","-1.289","1.06","-0.778","1.587","56.071","-34.599","51.5","1006.34"
"34","1538105579.7160056","2018-09-28_113259","54.046","-0.554","0.482","-0.757","-1.404","0.641","-0.725","2.468","55.894","-33.406","51.5","1006.36"
"35","1538105579.738974","2018-09-28_113259","54.067","-0.552","0.482","-0.751","-1.526","-0.923","-0.71","3.173","54.126","-34.769","51.5","1006.36"
"36","1538105579.7637181","2018-09-28_113259","54.061","-0.556","0.478","-0.758","-1.228","-2.35","-0.458","4.231","54.479","-34.088","51.5","1006.36"
"37","1538105579.7955885","2018-09-28_113259","54.073","-0.552","0.48","-0.76","-1.564","-2.693","-0.366","2.468","55.894","-32.383","51.5","1006.36"
"38","1538105579.8224537","2018-09-28_113259","54.064","-0.549","0.478","-0.754","-2.335","-3.029","-0.824","2.116","56.248","-33.747","51.5","1006.36"
"39","1538105579.847708","2018-09-28_113259","54.046","-0.547","0.468","-0.761","-1.343","-3.25","-1.297","3.878","55.187","-34.429","51.5","1006.35"
"40","1538105579.8729522","2018-09-28_113259","54.076","-0.549","0.475","-0.764","-0.244","-2.716","-1.869","1.939","55.364","-32.895","51.5","1006.36"
"41","1538105579.8972163","2018-09-28_113259","54.064","-0.546","0.484","-0.767","-1.015","-1.648","-2.174","1.939","55.01","-33.576","51.5","1006.36"
"42","1538105579.9204946","2018-09-28_113259","54.064","-0.546","0.483","-0.763","-1.579","-0.74","-1.228","3.35","55.364","-34.258","51.5","1006.34"
"43","1538105579.9433084","2018-09-28_113259","54.046","-0.55","0.482","-0.76","-1.175","0.618","-1.099","2.644","54.656","-33.576","51.5","1006.34"
"44","1538105579.9661617","2018-09-28_113259","54.064","-0.551","0.481","-0.76","-0.648","1.747","-0.572","2.997","54.656","-32.554","51.5","1006.34"
"45","1538105579.9903128","2018-09-28_113259","54.07","-0.552","0.482","-0.75","-1.823","2.09","-1.167","2.292","55.01","-33.917","51.5","1006.33"
"46","1538105580.0149064","2018-09-28_113300","54.067","-0.552","0.476","-0.751","-1.305","1.106","-1.053","2.468","56.956","-33.406","51.5","1006.33"
"47","1538105580.0381641","2018-09-28_113300","54.064","-0.558","0.476","-0.754","-0.992","0.771","-0.771","2.997","54.656","-33.917","51.5","1006.33"
"48","1538105580.0679436","2018-09-28_113300","54.043","-0.562","0.482","-0.756","-0.549","1.076","-0.687","3.173","55.541","-34.429","51.5","1006.37"
"49","1538105580.092003","2018-09-28_113300","54.046","-0.558","0.479","-0.758","-0.328","0.214","0.175","0.705","53.772","-33.406","51.5","1006.37"
"50","1538105580.1150355","2018-09-28_113300","54.043","-0.561","0.481","-0.759","-1.678","-2.48","-1.724","3.35","55.718","-34.258","51.5","1006.37"
"51","1538105580.13785","2018-09-28_113300","54.073","-0.558","0.483","-0.756","-1.625","-4.12","-4.692","3.702","53.949","-33.576","51.51","1006.35"
"52","1538105580.1614025","2018-09-28_113300","54.076","-0.554","0.482","-0.75","-2.937","-2.808","-4.417","1.939","57.133","-33.576","51.51","1006.35"
"53","1538105580.1844826","2018-09-28_113300","54.082","-0.554","0.478","-0.752","-3.059","-1.633","-3.769","2.821","57.309","-33.747","51.51","1006.35"
"54","1538105580.2074325","2018-09-28_113300","54.052","-0.556","0.477","-0.747","-1.404","-1.083","-3.647","2.644","56.779","-34.258","51.51","1006.35"
"55","1538105580.2350883","2018-09-28_113300","54.049","-0.554","0.477","-0.754","-0.977","-1.442","-2.792","1.939","55.718","-33.917","51.51","1006.35"
"56","1538105580.258661","2018-09-28_113300","54.079","-0.558","0.477","-0.758","-1.236","-2.388","-2.327","2.292","56.071","-32.895","51.51","1006.34"
"57","1538105580.2837837","2018-09-28_113300","54.073","-0.556","0.478","-0.755","-1.068","-3.624","-3.502","1.587","56.779","-33.917","51.51","1006.34"
"58","1538105580.3068836","2018-09-28_113300","54.1","-0.553","0.474","-0.745","-0.244","-2.449","-3.754","2.997","56.779","-33.235","51.51","1006.34"
"59","1538105580.3295784","2018-09-28_113300","54.07","-0.554","0.474","-0.745","0.893","-1.129","-2.556","3.702","55.364","-33.235","51.51","1006.35"
"60","1538105580.352245","2018-09-28_113300","54.088","-0.561","0.482","-0.755","0.809","-1.389","-2.396","2.292","55.364","-33.235","51.51","1006.35"
"61","1538105580.3752737","2018-09-28_113300","54.079","-0.557","0.482","-0.757","-2.205","-2.998","-4.982","4.055","56.071","-34.258","51.51","1006.35"
"62","1538105580.3990326","2018-09-28_113300","54.1","-0.561","0.463","-0.738","-2.037","-3.555","-8.247","4.231","57.309","-33.406","51.51","1006.34"
"63","1538105580.422021","2018-09-28_113300","54.076","-0.559","0.458","-0.751","1.183","-4.333","-5.577","2.644","56.071","-32.554","51.51","1006.34"
"64","1538105580.445506","2018-09-28_113300","54.052","-0.561","0.476","-0.744","0.961","-3.777","-8.156","2.821","57.663","-33.406","51.51","1006.34"
"65","1538105580.4699423","2018-09-28_113300","54.088","-0.566","0.472","-0.749","-0.824","-1.961","-9.277","4.407","57.486","-34.599","51.51","1006.35"
"66","1538105580.4956648","2018-09-28_113300","54.064","-0.57","0.469","-0.745","1.03","1.472","-6.714","3.173","56.602","-35.11","51.51","1006.35"
"67","1538105580.5267558","2018-09-28_113300","54.079","-0.578","0.471","-0.76","1.793","3.761","-4.898","4.407","56.425","-34.599","51.51","1006.32"
"68","1538105580.5496871","2018-09-28_113300","54.055","-0.583","0.481","-0.763","-0.114","3.914","-3.471","2.644","56.779","-34.599","51.51","1006.32"
"69","1538105580.5733805","2018-09-28_113300","54.082","-0.583","0.475","-0.753","-2.968","1.534","-3.616","2.997","55.364","-34.258","51.51","1006.32"
"70","1538105580.5963497","2018-09-28_113300","54.082","-0.574","0.465","-0.75","-3.792","-0.229","-4.303","1.058","56.248","-33.406","51.51","1006.33"
"71","1538105580.6195161","2018-09-28_113300","54.085","-0.568","0.451","-0.747","-2.838","2.106","-5.096","3.878","56.956","-34.769","51.51","1006.33"
"72","1538105580.645843","2018-09-28_113300","54.073","-0.557","0.434","-0.74","-1.19","9.705","-3.288","2.644","57.133","-32.213","51.51","1006.33"
"73","1538105580.669234","2018-09-28_113300","54.088","-0.571","0.417","-0.748","0.58","16.975","-0.74","3.526","58.017","-33.747","51.51","1006.33"
"74","1538105580.69472","2018-09-28_113300","54.091","-0.579","0.414","-0.771","3.555","17.639","0.443","4.76","56.779","-34.599","51.51","1006.33"
"75","1538105580.7174983","2018-09-28_113300","54.046","-0.585","0.418","-0.784","4.135","10.147","-2.823","2.821","56.602","-34.088","51.51","1006.33"
"76","1538105580.7463734","2018-09-28_113300","54.061","-0.58","0.413","-0.788","1.854","0.648","-6.386","2.997","56.779","-33.917","51.51","1006.31"
"77","1538105580.7692692","2018-09-28_113300","54.046","-0.593","0.445","-0.818","2.937","-5.852","-5.386","2.997","57.84","-35.622","51.51","1006.31"
"78","1538105580.797286","2018-09-28_113300","54.097","-0.578","0.462","-0.743","4.379","-7.057","-8.507","3.878","58.017","-35.451","51.51","1006.35"
"79","1538105580.8203876","2018-09-28_113300","54.082","-0.553","0.475","-0.745","5.623","-1.122","-1.03","4.584","56.956","-35.11","51.51","1006.35"
"80","1538105580.8478386","2018-09-28_113300","54.088","-0.565","0.501","-0.763","1.534","1.32","1.526","5.113","57.84","-34.94","51.51","1006.35"
"81","1538105580.8707569","2018-09-28_113300","54.097","-0.562","0.484","-0.772","-2.594","1.556","-1.06","2.997","56.425","-33.917","51.51","1006.33"
"82","1538105580.8955524","2018-09-28_113300","54.043","-0.566","0.468","-0.772","-1.93","-0.008","-0.046","4.055","55.718","-33.576","51.51","1006.33"
"83","1538105580.9415581","2018-09-28_113300","54.061","-0.569","0.487","-0.776","-6.714","-4.57","-0.175","4.407","58.548","-34.94","51.51","1006.31"
"84","1538105580.9705105","2018-09-28_113300","54.094","-0.556","0.472","-0.745","-9.171","-3.799","-1.587","2.821","56.956","-34.769","51.51","1006.31"
"85","1538105580.9985516","2018-09-28_113300","54.058","-0.554","0.447","-0.732","-7.37","-0.443","-0.961","3.878","57.309","-33.747","51.51","1006.31"
"86","1538105581.023609","2018-09-28_113301","54.073","-0.567","0.439","-0.743","-5.508","4.433","-0.397","4.76","56.425","-32.895","51.51","1006.34"
"87","1538105581.0507693","2018-09-28_113301","54.052","-0.572","0.431","-0.759","-2.289","5.653","-0.587","4.231","56.956","-34.088","51.51","1006.34"
"88","1538105581.073838","2018-09-28_113301","54.073","-0.573","0.442","-0.771","-2.365","3.174","-3.342","4.936","56.602","-34.088","51.51","1006.33"
"89","1538105581.1025634","2018-09-28_113301","54.052","-0.573","0.444","-0.755","-1.648","-1.915","-10.361","2.821","57.663","-34.088","51.51","1006.33"
"90","1538105581.1357548","2018-09-28_113301","54.094","-0.572","0.437","-0.742","-0.435","-3.922","-7.027","2.644","57.486","-34.599","51.51","1006.34"
"91","1538105581.173148","2018-09-28_113301","54.091","-0.58","0.439","-0.771","2.022","-0.275","-2.953","2.468","58.371","-34.088","51.52","1006.35"
"92","1538105581.20395","2018-09-28_113301","54.076","-0.574","0.463","-0.778","0.275","-0.374","-1.213","4.231","57.663","-33.065","51.52","1006.35"
"93","1538105581.2434235","2018-09-28_113301","54.067","-0.559","0.464","-0.761","-2.113","-3.128","-2.487","4.231","58.017","-34.429","51.52","1006.36"
"94","1538105581.2753823","2018-09-28_113301","54.073","-0.561","0.42","-0.747","-2.335","1.198","-1.472","4.231","57.663","-34.769","51.52","1006.33"
"95","1538105581.3072143","2018-09-28_113301","54.1","-0.58","0.412","-0.767","1.022","1.984","2.838","4.936","59.078","-33.747","51.52","1006.33"
"96","1538105581.339472","2018-09-28_113301","54.076","-0.587","0.439","-0.759","3.082","1.152","0.839","4.407","57.84","-33.576","51.52","1006.31"
"97","1538105581.3725715","2018-09-28_113301","54.034","-0.588","0.409","-0.771","0.702","-3.25","-0.565","4.055","56.425","-34.599","51.52","1006.31"
"98","1538105581.4058487","2018-09-28_113301","54.058","-0.586","0.417","-0.775","2.937","-2.06","-1.106","3.878","58.017","-33.406","51.52","1006.32"
"99","1538105581.4359336","2018-09-28_113301","54.127","-0.572","0.429","-0.776","4.105","-1.778","-4.753","3.35","58.548","-34.258","51.52","1006.32"
"100","1538105581.4729176","2018-09-28_113301","54.094","-0.583","0.465","-0.753","1.175","4.837","-3.288","2.821","56.602","-35.451","51.52","1006.32"
"101","1538105581.503774","2018-09-28_113301","54.076","-0.58","0.465","-0.739","3.601","9.361","-0.015","3.526","58.017","-33.747","51.52","1006.33"
"102","1538105581.5386193","2018-09-28_113301","54.091","-0.575","0.476","-0.756","1.427","3.281","1.076","5.994","57.309","-36.474","51.52","1006.33"
"103","1538105581.5729434","2018-09-28_113301","54.097","-0.596","0.466","-0.787","-3.471","-7.675","-1.289","5.113","58.194","-35.963","51.52","1006.32"
"104","1538105581.6039307","2018-09-28_113301","54.097","-0.569","0.469","-0.773","-3.998","-11.383","-0.359","4.76","59.255","-36.303","51.52","1006.32"
"105","1538105581.6395957","2018-09-28_113301","54.088","-0.557","0.471","-0.739","-9.232","-8.141","-2.403","5.289","58.371","-33.747","51.52","1006.34"
"106","1538105581.670722","2018-09-28_113301","54.079","-0.552","0.448","-0.739","-7.393","0.221","-2.403","5.818","59.609","-35.622","51.52","1006.34"
"107","1538105581.7069528","2018-09-28_113301","54.082","-0.56","0.434","-0.738","-6.546","8.141","-7.072","3.35","58.901","-33.917","51.52","1006.32"
"108","1538105581.73917","2018-09-28_113301","54.07","-0.579","0.409","-0.735","-2.38","9.422","-9.209","5.641","57.663","-34.088","51.52","1006.32"
"109","1538105581.7696073","2018-09-28_113301","54.082","-0.592","0.404","-0.768","2.197","7.172","-5.814","4.055","59.255","-34.258","51.52","1006.33"
"110","1538105581.800216","2018-09-28_113301","54.067","-0.6","0.447","-0.804","1.259","2.556","-0.175","3.878","59.432","-34.088","51.52","1006.33"
"111","1538105581.8377109","2018-09-28_113301","54.082","-0.579","0.448","-0.748","-0.648","-3.639","2.258","4.936","57.309","-34.769","51.52","1006.33"
"112","1538105581.8725755","2018-09-28_113301","54.094","-0.597","0.413","-0.744","-1.518","-10.803","6.416","3.878","58.371","-33.406","51.52","1006.33"
"113","1538105581.9029534","2018-09-28_113301","54.091","-0.59","0.402","-0.757","5.73","-10.963","2.93","4.407","58.194","-34.94","51.52","1006.33"
"114","1538105581.941313","2018-09-28_113301","54.058","-0.579","0.452","-0.773","2.655","-4.951","0.977","5.465","57.486","-33.917","51.52","1006.33"
"115","1538105581.9749568","2018-09-28_113301","54.094","-0.59","0.421","-0.756","-1.732","-2.121","-2.06","4.407","58.194","-34.258","51.52","1006.32"
"116","1538105581.999485","2018-09-28_113301","54.085","-0.594","0.404","-0.773","0.32","0.381","-0.938","3.35","58.548","-33.235","51.52","1006.32"
"117","1538105582.035222","2018-09-28_113302","54.088","-0.598","0.411","-0.759","2.106","-0.45","-6.287","5.641","58.017","-35.792","51.52","1006.31"
"118","1538105582.0690372","2018-09-28_113302","54.082","-0.598","0.435","-0.778","6.393","-0.687","-3.174","4.584","58.371","-33.065","51.52","1006.31"
"119","1538105582.0935287","2018-09-28_113302","54.058","-0.594","0.465","-0.756","3.662","2.098","0.725","4.407","57.84","-34.94","51.52","1006.32"
"120","1538105582.1184816","2018-09-28_113302","54.088","-0.586","0.477","-0.75","1.671","1.053","1.48","4.055","58.548","-35.281","51.52","1006.32"
"121","1538105582.147459","2018-09-28_113302","54.088","-0.584","0.462","-0.751","-2.769","-4.845","-0.587","3.173","58.371","-33.747","51.52","1006.32"
"122","1538105582.1822066","2018-09-28_113302","54.1","-0.592","0.453","-0.757","-3.677","-6.691","-1.472","4.936","59.078","-34.429","51.53","1006.34"
"123","1538105582.214352","2018-09-28_113302","54.091","-0.587","0.464","-0.756","-3.86","-3.51","1.503","2.997","59.609","-33.917","51.53","1006.34"
"124","1538105582.2418184","2018-09-28_113302","54.088","-0.574","0.462","-0.733","-6.508","-2.266","-0.656","3.878","58.371","-34.088","51.53","1006.33"
"125","1538105582.2678292","2018-09-28_113302","54.073","-0.581","0.439","-0.733","-6.668","-0.275","-2.274","5.289","59.432","-33.747","51.53","1006.33"
"126","1538105582.2949295","2018-09-28_113302","54.076","-0.585","0.428","-0.752","-5.539","1.411","-3.387","5.289","58.725","-33.065","51.53","1006.34"
"127","1538105582.3203175","2018-09-28_113302","54.109","-0.581","0.413","-0.745","-2.968","1.427","-7.843","6.523","58.901","-34.599","51.53","1006.34"
"128","1538105582.3438156","2018-09-28_113302","54.097","-0.585","0.399","-0.746","-0.397","2.708","-7.851","4.76","59.255","-33.235","51.53","1006.34"
"129","1538105582.369839","2018-09-28_113302","54.106","-0.591","0.422","-0.755","1.884","5.707","-3.51","4.584","59.432","-33.747","51.53","1006.31"
"130","1538105582.3931477","2018-09-28_113302","54.082","-0.599","0.445","-0.759","1.747","6.378","-1.488","4.584","60.14","-34.429","51.53","1006.31"
"131","1538105582.4165165","2018-09-28_113302","54.091","-0.593","0.449","-0.761","-0.107","3.929","1.648","5.465","59.963","-33.576","51.53","1006.31"
"132","1538105582.4394393","2018-09-28_113302","54.082","-0.595","0.438","-0.755","-1.678","1.472","3.12","4.584","59.078","-34.429","51.53","1006.35"
"133","1538105582.4628904","2018-09-28_113302","54.091","-0.596","0.429","-0.757","-1.183","-1.572","3.319","4.055","58.901","-33.235","51.53","1006.35"
"134","1538105582.4900367","2018-09-28_113302","54.118","-0.595","0.41","-0.759","1.045","-3.128","4.784","5.465","58.901","-33.576","51.53","1006.36"
"135","1538105582.5134408","2018-09-28_113302","54.103","-0.594","0.415","-0.76","0.488","-5.6","5.6","4.76","57.84","-34.258","51.53","1006.36"
"136","1538105582.5408647","2018-09-28_113302","54.094","-0.597","0.413","-0.764","-0.465","-7.523","1.335","5.113","58.194","-34.258","51.53","1006.36"
"137","1538105582.5677044","2018-09-28_113302","54.073","-0.586","0.413","-0.755","0.832","-4.814","0.458","3.702","58.548","-32.895","51.53","1006.34"
"138","1538105582.5962458","2018-09-28_113302","54.106","-0.585","0.413","-0.751","1.999","-0.87","0.031","4.407","57.84","-33.917","51.53","1006.34"
"139","1538105582.621506","2018-09-28_113302","54.097","-0.58","0.414","-0.752","3.372","3.86","-0.13","4.584","59.078","-33.406","51.53","1006.34"
"140","1538105582.650592","2018-09-28_113302","54.094","-0.594","0.427","-0.762","4.471","8.568","-0.999","5.465","58.901","-34.599","51.53","1006.33"
"141","1538105582.6765397","2018-09-28_113302","54.082","-0.593","0.446","-0.765","7.751","8.934","-1.419","3.878","59.432","-35.11","51.53","1006.33"
"142","1538105582.701805","2018-09-28_113302","54.112","-0.586","0.476","-0.753","4.41","9.247","1.015","5.289","60.847","-34.769","51.53","1006.33"
"143","1538105582.7251601","2018-09-28_113302","54.076","-0.59","0.48","-0.768","0.893","3.716","1.06","3.526","59.078","-35.11","51.53","1006.33"
"144","1538105582.7522397","2018-09-28_113302","54.097","-0.588","0.464","-0.761","-3.716","-3.036","0.031","5.289","58.725","-35.792","51.53","1006.33"
"145","1538105582.7810183","2018-09-28_113302","54.082","-0.595","0.447","-0.755","-4.524","-6.462","-0.74","3.878","59.432","-34.769","51.53","1006.34"
"146","1538105582.8048117","2018-09-28_113302","54.091","-0.577","0.449","-0.76","-2.541","-6.683","1.312","5.641","59.432","-35.11","51.53","1006.34"
"147","1538105582.8320062","2018-09-28_113302","54.091","-0.574","0.453","-0.752","-5.768","-3.258","-0.206","4.936","57.663","-32.724","51.53","1006.34"
"148","1538105582.856504","2018-09-28_113302","54.076","-0.568","0.434","-0.741","-6.569","1.572","0.168","5.641","59.078","-33.747","51.53","1006.34"
"149","1538105582.8810809","2018-09-28_113302","54.097","-0.577","0.42","-0.758","-5.531","5.249","-0.183","4.936","57.663","-34.429","51.53","1006.34"
"150","1538105582.9049976","2018-09-28_113302","54.088","-0.569","0.408","-0.76","-4.829","5.028","-6.348","4.76","59.963","-35.622","51.53","1006.34"
"151","1538105582.9280288","2018-09-28_113302","54.115","-0.587","0.403","-0.759","-1.77","3.494","-9.766","6.17","58.901","-33.576","51.53","1006.34"
"152","1538105582.9533725","2018-09-28_113302","54.106","-0.582","0.398","-0.752","1.244","4.539","-6.744","3.702","58.548","-33.576","51.53","1006.34"
"153","1538105582.9773414","2018-09-28_113302","54.115","-0.595","0.426","-0.767","1.9","6.012","-3.677","4.76","58.901","-34.599","51.53","1006.36"
"154","1538105583.0036151","2018-09-28_113303","54.103","-0.598","0.433","-0.768","2.396","7.156","-1.373","4.231","58.725","-33.406","51.53","1006.36"
"155","1538105583.0273738","2018-09-28_113303","54.085","-0.601","0.451","-0.776","1.579","5.63","1.953","5.818","58.548","-34.599","51.53","1006.36"
"156","1538105583.0606875","2018-09-28_113303","54.1","-0.593","0.459","-0.759","-1.228","0.107","1.823","5.113","58.194","-34.94","51.53","1006.35"
"157","1538105583.085997","2018-09-28_113303","54.076","-0.596","0.439","-0.758","-4.471","-4.204","3.12","5.818","58.901","-34.599","51.53","1006.35"
"158","1538105583.1104684","2018-09-28_113303","54.091","-0.597","0.415","-0.753","-2.304","-7.477","3.273","4.055","59.609","-34.94","51.53","1006.35"
"159","1538105583.1352253","2018-09-28_113303","54.085","-0.592","0.411","-0.743","-0.214","-9.209","4.295","5.641","60.14","-33.406","51.53","1006.35"
"160","1538105583.1629941","2018-09-28_113303","54.076","-0.591","0.409","-0.757","1.305","-9.193","3.021","3.878","59.078","-34.769","51.53","1006.35"
"161","1538105583.1874704","2018-09-28_113303","54.085","-0.587","0.415","-0.765","1.152","-6.004","1.991","4.231","57.309","-34.429","51.54","1006.36"
"162","1538105583.2112606","2018-09-28_113303","54.07","-0.591","0.415","-0.77","1.266","-4.387","0.572","4.936","59.078","-35.11","51.54","1006.36"
"163","1538105583.2354133","2018-09-28_113303","54.076","-0.586","0.413","-0.76","1.503","-2.892","-1.297","5.289","59.432","-33.065","51.54","1006.32"
"164","1538105583.2597082","2018-09-28_113303","54.094","-0.588","0.416","-0.763","3.899","0.488","-1.389","4.584","58.725","-34.769","51.53","1006.32"
"165","1538105583.28593","2018-09-28_113303","54.1","-0.589","0.444","-0.768","5.814","2.792","1.015","3.526","60.847","-34.429","51.53","1006.32"
"166","1538105583.3101354","2018-09-28_113303","54.103","-0.587","0.473","-0.781","2.724","-0.206","0.374","3.702","57.84","-33.917","51.54","1006.36"
"167","1538105583.333528","2018-09-28_113303","54.112","-0.578","0.468","-0.763","-1.503","-3.99","-2.22","4.407","57.84","-34.599","51.54","1006.36"
"168","1538105583.3573782","2018-09-28_113303","54.109","-0.578","0.461","-0.77","-4.471","-6.256","0.023","4.231","59.786","-35.451","51.54","1006.36"
"169","1538105583.3811018","2018-09-28_113303","54.088","-0.585","0.455","-0.753","-5.768","-5.432","0.175","5.289","57.663","-34.088","51.54","1006.36"
"170","1538105583.4101465","2018-09-28_113303","54.1","-0.573","0.445","-0.739","-4.196","-1.129","0.732","5.641","60.14","-34.088","51.54","1006.36"
"171","1538105583.4332037","2018-09-28_113303","54.091","-0.573","0.447","-0.744","-3.326","2.388","0.572","4.936","58.725","-33.406","51.54","1006.36"
"172","1538105583.4607644","2018-09-28_113303","54.109","-0.574","0.428","-0.742","-4.318","2.045","-3.654","2.292","60.316","-34.599","51.54","1006.34"
"173","1538105583.5087104","2018-09-28_113303","54.085","-0.589","0.419","-0.75","0.221","4.265","-5.043","4.584","56.248","-34.429","51.54","1006.34"
"174","1538105583.538893","2018-09-28_113303","54.118","-0.582","0.412","-0.76","2.815","8.461","-3.868","6.699","58.371","-33.747","51.54","1006.34"
"175","1538105583.5658553","2018-09-28_113303","54.112","-0.601","0.438","-0.769","0.565","8.293","0.16","4.76","57.84","-33.917","51.54","1006.34"
"176","1538105583.59275","2018-09-28_113303","54.112","-0.598","0.44","-0.78","-0.13","6.416","0.839","5.289","59.432","-34.088","51.54","1006.36"
"177","1538105583.6213357","2018-09-28_113303","54.148","-0.593","0.439","-0.766","-2.403","2.975","1.991","4.584","59.432","-34.088","51.54","1006.36"
"178","1538105583.645045","2018-09-28_113303","54.094","-0.593","0.432","-0.74","-3.075","-1.32","3.128","4.231","58.725","-35.451","51.54","1006.36"
"179","1538105583.6692045","2018-09-28_113303","54.103","-0.59","0.393","-0.748","0.183","-5.745","3.784","4.76","57.84","-33.917","51.55","1006.36"
"180","1538105583.6948493","2018-09-28_113303","54.133","-0.589","0.389","-0.783","1.411","-10.689","3.685","4.055","58.901","-34.258","51.55","1006.36"
"181","1538105583.7217603","2018-09-28_113303","54.127","-0.594","0.442","-0.786","1.549","-11.086","0.076","5.289","58.371","-34.769","51.54","1006.33"
"182","1538105583.7627947","2018-09-28_113303","54.109","-0.585","0.407","-0.768","-2.632","-3.494","-0.961","5.289","59.432","-34.429","51.54","1006.33"
"183","1538105583.7927504","2018-09-28_113303","54.109","-0.589","0.405","-0.771","0.755","4.715","1.64","4.055","59.963","-34.94","51.54","1006.34"
"184","1538105583.819014","2018-09-28_113303","54.103","-0.587","0.411","-0.767","4.204","7.362","-2.769","4.76","59.255","-34.258","51.54","1006.34"
"185","1538105583.8430004","2018-09-28_113303","54.127","-0.598","0.435","-0.778","4.013","6.248","-3.998","5.113","59.609","-32.895","51.54","1006.34"
"186","1538105583.871068","2018-09-28_113303","54.133","-0.579","0.448","-0.737","4.852","7.858","-0.069","5.113","59.609","-34.258","51.55","1006.35"
"187","1538105583.894736","2018-09-28_113303","54.136","-0.595","0.462","-0.755","3.7","6.302","1.816","5.113","57.486","-35.281","51.55","1006.35"
"188","1538105583.9244683","2018-09-28_113303","54.112","-0.6","0.462","-0.776","-0.504","-4.715","-0.458","4.584","58.725","-35.11","51.55","1006.35"
"189","1538105583.9487183","2018-09-28_113303","54.133","-0.6","0.456","-0.786","-2.357","-10.902","-1.747","4.231","58.017","-35.11","51.55","1006.35"
"190","1538105583.971302","2018-09-28_113303","54.112","-0.583","0.453","-0.762","-3.082","-12.817","0.191","3.878","57.663","-34.769","51.55","1006.35"
"191","1538105583.9964","2018-09-28_113303","54.1","-0.571","0.453","-0.753","-4.242","-9.102","0.717","5.465","60.316","-35.281","51.55","1006.34"
"192","1538105584.0225332","2018-09-28_113304","54.109","-0.569","0.445","-0.748","-3.616","-1.724","0.877","6.523","58.194","-33.917","51.55","1006.34"
"193","1538105584.0455303","2018-09-28_113304","54.1","-0.578","0.439","-0.773","-5.821","2.93","0.465","4.407","59.609","-32.213","51.55","1006.34"
"194","1538105584.0752091","2018-09-28_113304","54.121","-0.579","0.42","-0.756","-6.165","3.532","-4.547","4.231","58.017","-33.747","51.55","1006.35"
"195","1538105584.1007917","2018-09-28_113304","54.121","-0.59","0.399","-0.746","-4.066","4.829","-3.662","5.289","58.371","-33.406","51.55","1006.35"
"196","1538105584.1320164","2018-09-28_113304","54.127","-0.601","0.418","-0.771","-0.748","3.769","-2.678","4.76","58.548","-34.94","51.55","1006.33"
"197","1538105584.1552975","2018-09-28_113304","54.133","-0.591","0.448","-0.762","-0.298","1.396","-2.098","4.055","59.255","-33.917","51.55","1006.33"
"198","1538105584.18016","2018-09-28_113304","54.133","-0.591","0.46","-0.748","-4.326","-0.916","1.015","5.289","58.725","-33.065","51.55","1006.33"
"199","1538105584.2029366","2018-09-28_113304","54.103","-0.593","0.427","-0.73","-4.013","-1.823","3.159","4.584","58.725","-33.406","51.55","1006.34"
"200","1538105584.2318487","2018-09-28_113304","54.145","-0.589","0.396","-0.742","1.74","-3.532","6.599","4.407","57.84","-33.576","51.55","1006.34"
"201","1538105584.255722","2018-09-28_113304","54.133","-0.591","0.4","-0.757","4.272","-6.592","2.464","4.584","60.14","-35.451","51.55","1006.33"
"202","1538105584.279416","2018-09-28_113304","54.112","-0.594","0.414","-0.77","2.701","-7.866","-0.679","4.231","58.371","-33.406","51.55","1006.33"
"203","1538105584.3033605","2018-09-28_113304","54.106","-0.591","0.415","-0.771","1.244","-7.111","-2.892","3.878","59.078","-34.769","51.55","1006.33"
"204","1538105584.3299062","2018-09-28_113304","54.148","-0.585","0.403","-0.764","-0.046","-1.945","-3.426","5.113","59.255","-35.281","51.55","1006.34"
"205","1538105584.3555367","2018-09-28_113304","54.154","-0.593","0.392","-0.762","2.197","2.533","-5.173","2.644","58.548","-34.258","51.55","1006.34"
"206","1538105584.380546","2018-09-28_113304","54.139","-0.598","0.409","-0.764","5.554","9.399","-2.144","5.465","59.255","-33.917","51.55","1006.34"
"207","1538105584.411563","2018-09-28_113304","54.13","-0.598","0.449","-0.759","9.43","13.031","1.007","4.407","59.609","-34.599","51.56","1006.35"
"208","1538105584.447789","2018-09-28_113304","54.139","-0.598","0.482","-0.772","2.274","1.144","2.518","5.641","58.725","-35.11","51.56","1006.35"
"209","1538105584.4724092","2018-09-28_113304","54.118","-0.6","0.473","-0.774","-3.197","-10.025","0.008","5.113","59.963","-33.917","51.56","1006.36"
"210","1538105584.499199","2018-09-28_113304","54.133","-0.578","0.455","-0.759","-4.478","-16.22","-1.007","4.231","58.371","-35.451","51.56","1006.36"
"211","1538105584.5246387","2018-09-28_113304","54.133","-0.576","0.448","-0.754","-4.715","-11.932","0.74","4.231","59.432","-35.11","51.56","1006.33"
"212","1538105584.5534613","2018-09-28_113304","54.121","-0.568","0.457","-0.747","-4.982","-3.929","2.678","4.231","57.663","-33.065","51.56","1006.33"
"213","1538105584.5788002","2018-09-28_113304","54.091","-0.561","0.444","-0.729","-7.263","1.961","-1.419","5.818","57.84","-33.576","51.56","1006.33"
"214","1538105584.6020725","2018-09-28_113304","54.115","-0.568","0.414","-0.733","-6.058","5.806","-1.717","5.641","60.14","-33.747","51.56","1006.34"
"215","1538105584.6282024","2018-09-28_113304","54.151","-0.578","0.411","-0.75","-5.051","6.691","-4.486","4.231","57.663","-35.11","51.56","1006.34"
"216","1538105584.6511166","2018-09-28_113304","54.127","-0.597","0.401","-0.752","-1.839","8.072","-10.414","4.936","59.432","-33.747","51.56","1006.34"
"217","1538105584.6813784","2018-09-28_113304","54.139","-0.597","0.408","-0.767","5.043","11.864","-4.234","4.936","58.725","-33.065","51.56","1006.35"
"218","1538105584.7084577","2018-09-28_113304","54.142","-0.608","0.445","-0.771","0.595","10.933","0.809","5.465","58.548","-35.281","51.56","1006.35"
"219","1538105584.7316442","2018-09-28_113304","54.13","-0.615","0.443","-0.773","-2.93","5.424","2.014","5.465","60.316","-31.872","51.56","1006.38"
"220","1538105584.8596134","2018-09-28_113304","54.136","-0.597","0.409","-0.78","6.332","-8.934","-1.297","3.702","58.194","-33.576","51.56","1006.37"
"221","1538105584.887446","2018-09-28_113304","54.127","-0.59","0.417","-0.767","2.319","-5.28","-1.526","5.994","60.847","-34.429","51.56","1006.35"
"222","1538105584.913765","2018-09-28_113304","54.151","-0.59","0.395","-0.777","1.686","-4.295","-1.259","4.231","59.432","-34.769","51.56","1006.35"
"223","1538105584.9367905","2018-09-28_113304","54.127","-0.587","0.386","-0.74","3.342","0.725","-0.763","2.997","60.67","-35.281","51.56","1006.37"
"224","1538105584.9596894","2018-09-28_113304","54.127","-0.589","0.403","-0.771","9.865","6.271","2.457","6.17","59.255","-35.281","51.56","1006.37"
"225","1538105584.9832776","2018-09-28_113304","54.124","-0.591","0.466","-0.791","11.52","5.219","3.128","3.526","58.371","-34.769","51.56","1006.37"
"226","1538105585.0087302","2018-09-28_113305","54.142","-0.594","0.488","-0.775","2.014","-1.945","-3.983","5.289","57.663","-34.769","51.56","1006.35"
"227","1538105585.0322378","2018-09-28_113305","54.103","-0.574","0.465","-0.755","-3.38","-6.172","-1.434","4.76","59.255","-35.281","51.56","1006.35"
"228","1538105585.055253","2018-09-28_113305","54.145","-0.594","0.446","-0.754","-5.112","-6.844","1.099","4.584","59.432","-34.429","51.56","1006.35"
"229","1538105585.0781105","2018-09-28_113305","54.145","-0.587","0.434","-0.764","-4.44","-3.494","1.297","4.584","60.847","-34.088","51.56","1006.35"
"230","1538105585.1010103","2018-09-28_113305","54.133","-0.586","0.445","-0.776","-3.494","-1.015","0.633","6.347","59.432","-34.429","51.56","1006.35"
"231","1538105585.1249638","2018-09-28_113305","54.118","-0.579","0.46","-0.754","-5.302","1.198","-1.35","6.347","57.663","-34.429","51.56","1006.35"
"232","1538105585.1538458","2018-09-28_113305","54.115","-0.57","0.448","-0.732","-7.5","4.311","-3.487","4.055","59.609","-33.917","51.57","1006.34"
"233","1538105585.1788101","2018-09-28_113305","54.13","-0.577","0.405","-0.727","-7.683","6.523","-4.509","4.936","59.078","-34.429","51.57","1006.34"
"234","1538105585.2043595","2018-09-28_113305","54.157","-0.585","0.371","-0.749","-2.289","9.079","-2.083","5.113","60.316","-32.895","51.57","1006.35"
"235","1538105585.2355065","2018-09-28_113305","54.151","-0.606","0.405","-0.784","2.747","7.843","-3.273","3.702","57.84","-34.94","51.57","1006.35"
"236","1538105585.2595932","2018-09-28_113305","54.127","-0.609","0.44","-0.793","0.626","6.447","-0.32","5.289","59.432","-35.451","51.57","1006.35"
"237","1538105585.2826064","2018-09-28_113305","54.139","-0.596","0.45","-0.77","-5.043","0.015","3.532","6.523","58.548","-33.576","51.57","1006.35"
"238","1538105585.3108387","2018-09-28_113305","54.136","-0.605","0.413","-0.744","-5.836","-2.487","3.716","4.055","58.901","-34.94","51.57","1006.35"
"239","1538105585.3354847","2018-09-28_113305","54.133","-0.573","0.377","-0.729","4.669","-9.056","3.12","4.936","60.14","-33.065","51.57","1006.36"
"240","1538105585.35969","2018-09-28_113305","54.136","-0.62","0.383","-0.791","-1.717","-6.584","3.517","4.407","58.194","-34.258","51.58","1006.36"
"241","1538105585.3834064","2018-09-28_113305","54.127","-0.596","0.388","-0.78","2.388","-7.904","3.075","5.465","59.255","-34.258","51.58","1006.36"
"242","1538105585.4079108","2018-09-28_113305","54.127","-0.597","0.385","-0.783","2.899","-7.866","-3.136","4.76","58.901","-33.917","51.58","1006.37"
"243","1538105585.4312108","2018-09-28_113305","54.151","-0.587","0.395","-0.775","2.22","-3.876","-4.379","5.113","58.548","-33.576","51.57","1006.37"
"244","1538105585.4601483","2018-09-28_113305","54.115","-0.579","0.393","-0.729","3.616","4.189","-3.7","5.818","59.255","-33.917","51.57","1006.37"
"245","1538105585.4831128","2018-09-28_113305","54.145","-0.601","0.406","-0.769","6.393","9.315","-1.122","5.113","59.963","-35.963","51.57","1006.34"
"246","1538105585.5064375","2018-09-28_113305","54.154","-0.603","0.445","-0.791","7.698","9.216","1.9","4.407","59.609","-34.94","51.57","1006.34"
"247","1538105585.5308034","2018-09-28_113305","54.13","-0.607","0.464","-0.782","3.105","0.694","-0.595","5.289","60.493","-34.429","51.57","1006.34"
"248","1538105585.5655375","2018-09-28_113305","54.127","-0.589","0.455","-0.752","-2.335","-10.872","-0.443","4.584","59.786","-33.747","51.58","1006.36"
"249","1538105585.5886028","2018-09-28_113305","54.166","-0.588","0.445","-0.758","-3.967","-13.145","0.488","4.936","60.493","-34.088","51.58","1006.36"
"250","1538105585.6117291","2018-09-28_113305","54.16","-0.577","0.452","-0.768","-3.304","-9.048","1.678","4.936","59.078","-34.429","51.58","1006.35"
"251","1538105585.635045","2018-09-28_113305","54.133","-0.572","0.458","-0.758","-1.709","-3.578","-0.031","4.936","58.725","-33.406","51.58","1006.35"
"252","1538105585.661655","2018-09-28_113305","54.151","-0.56","0.441","-0.752","-7.896","1.556","-0.58","4.584","59.786","-34.429","51.58","1006.35"
"253","1538105585.6853478","2018-09-28_113305","54.142","-0.572","0.411","-0.738","-10.872","1.198","-5.592","6.347","59.432","-34.088","51.58","1006.36"
"254","1538105585.727981","2018-09-28_113305","54.178","-0.596","0.396","-0.767","1.289","9.605","-5.684","5.113","60.316","-35.281","51.58","1006.36"
"255","1538105585.7519708","2018-09-28_113305","54.16","-0.602","0.424","-0.771","3.105","13.84","-1.251","5.465","60.67","-34.599","51.58","1006.35"
"256","1538105585.7812529","2018-09-28_113305","54.145","-0.605","0.441","-0.756","-3.929","9.987","2.09","4.76","58.548","-33.917","51.58","1006.35"
"257","1538105585.809183","2018-09-28_113305","54.163","-0.625","0.426","-0.779","-6.905","0.221","0.923","4.407","59.963","-34.599","51.58","1006.35"
"258","1538105585.8324206","2018-09-28_113305","54.13","-0.606","0.42","-0.753","-4.105","-5.31","0.938","3.702","58.901","-33.235","51.58","1006.35"
"259","1538105585.8571718","2018-09-28_113305","54.145","-0.609","0.388","-0.747","-3.365","-5.447","2.213","3.702","61.024","-33.235","51.58","1006.35"
"260","1538105585.883728","2018-09-28_113305","54.175","-0.599","0.392","-0.767","-0.969","-8.507","2.518","4.936","60.847","-33.406","51.59","1006.36"
"261","1538105585.9098997","2018-09-28_113305","54.16","-0.604","0.41","-0.777","-0.595","-7.172","-3.006","5.465","60.316","-34.258","51.59","1006.36"
"262","1538105585.9381154","2018-09-28_113305","54.163","-0.592","0.421","-0.765","0.275","-3.807","-1.579","4.584","59.786","-32.042","51.59","1006.36"
"263","1538105585.9666634","2018-09-28_113305","54.178","-0.584","0.418","-0.746","-3.143","-3.365","-0.923","5.289","60.493","-34.088","51.59","1006.36"
"264","1538105585.9902968","2018-09-28_113305","54.166","-0.59","0.414","-0.756","-0.961","-4.417","-2.67","4.936","59.786","-34.769","51.59","1006.36"
"265","1538105586.0184534","2018-09-28_113306","54.136","-0.588","0.43","-0.757","1.526","-3.418","-2.174","5.994","59.786","-34.088","51.59","1006.36"
"266","1538105586.0564296","2018-09-28_113306","54.157","-0.585","0.446","-0.751","-1.106","-1.328","0.046","5.113","58.901","-34.258","51.59","1006.36"
"267","1538105586.081593","2018-09-28_113306","54.154","-0.584","0.434","-0.742","-1.991","0.214","0.961","4.055","59.609","-33.576","51.59","1006.38"
"268","1538105586.1057515","2018-09-28_113306","54.16","-0.593","0.429","-0.756","-1.06","0.946","0.359","4.231","59.432","-33.406","51.59","1006.38"
"269","1538105586.131204","2018-09-28_113306","54.133","-0.593","0.425","-0.752","-1.198","2.083","-1.045","5.113","61.378","-33.235","51.59","1006.38"
"270","1538105586.1578548","2018-09-28_113306","54.169","-0.598","0.42","-0.751","-1.999","3.586","0.023","4.936","59.786","-34.088","51.6","1006.38"
"271","1538105586.1813483","2018-09-28_113306","54.136","-0.604","0.417","-0.754","-0.992","3.716","-0.023","4.584","59.432","-33.065","51.6","1006.38"
"272","1538105586.2045968","2018-09-28_113306","54.169","-0.601","0.423","-0.753","-0.481","2.701","-1.144","3.173","59.432","-32.724","51.6","1006.38"
"273","1538105586.2330918","2018-09-28_113306","54.154","-0.605","0.422","-0.756","-1.518","-0.435","-1.106","4.231","60.493","-35.11","51.6","1006.38"
"274","1538105586.2559974","2018-09-28_113306","54.157","-0.604","0.422","-0.76","-1.976","-1.793","-0.381","4.76","59.609","-32.895","51.6","1006.38"
"275","1538105586.2801826","2018-09-28_113306","54.178","-0.598","0.421","-0.755","-0.786","-1.755","-0.351","4.055","61.024","-34.599","51.6","1006.38"
"276","1538105586.3033738","2018-09-28_113306","54.172","-0.595","0.427","-0.751","-0.42","-1.472","-0.122","2.821","59.078","-34.088","51.6","1006.39"
"277","1538105586.326595","2018-09-28_113306","54.196","-0.595","0.429","-0.747","-1.022","-0.648","-0.366","4.055","60.67","-33.917","51.6","1006.39"
"278","1538105586.3496077","2018-09-28_113306","54.157","-0.598","0.423","-0.752","-1.793","0.229","0.252","2.997","58.548","-32.895","51.6","1006.39"
"279","1538105586.378609","2018-09-28_113306","54.163","-0.598","0.424","-0.751","0.053","1.076","0.305","4.76","60.316","-32.895","51.6","1006.37"
"280","1538105586.4027433","2018-09-28_113306","54.148","-0.595","0.424","-0.747","-0.153","0.778","0.519","4.584","59.786","-34.429","51.6","1006.37"
"281","1538105586.427721","2018-09-28_113306","54.145","-0.596","0.429","-0.754","-0.961","-1.198","0.45","4.936","59.786","-33.406","51.6","1006.37"
"282","1538105586.4552004","2018-09-28_113306","54.145","-0.593","0.428","-0.763","-1.19","-3.349","-0.275","4.584","59.078","-33.406","51.6","1006.37"
"283","1538105586.4840615","2018-09-28_113306","54.172","-0.594","0.43","-0.754","-1.411","-2.945","-0.496","4.76","59.255","-34.599","51.6","1006.37"
"284","1538105586.5087404","2018-09-28_113306","54.181","-0.593","0.426","-0.754","-1.335","-0.816","-0.229","4.936","61.201","-33.747","51.61","1006.38"
"285","1538105586.5334492","2018-09-28_113306","54.139","-0.591","0.425","-0.743","-1.694","1.251","-0.13","3.526","59.786","-33.065","51.61","1006.38"
"286","1538105586.5586865","2018-09-28_113306","54.157","-0.592","0.421","-0.747","-1.183","1.64","-0.404","4.231","60.14","-34.088","51.61","1006.39"
"287","1538105586.5873618","2018-09-28_113306","54.193","-0.598","0.422","-0.755","-0.58","0.58","-0.206","4.231","58.725","-33.747","51.61","1006.39"
"288","1538105586.6121018","2018-09-28_113306","54.19","-0.598","0.427","-0.758","-0.412","-0.565","0.015","5.465","61.024","-32.213","51.61","1006.39"
"289","1538105586.6423318","2018-09-28_113306","54.184","-0.6","0.433","-0.755","0.069","-1.091","1.053","3.526","60.14","-33.406","51.61","1006.37"
"290","1538105586.6654584","2018-09-28_113306","54.181","-0.598","0.437","-0.759","-0.206","-0.809","0.664","6.17","59.963","-33.917","51.61","1006.37"
"291","1538105586.6882536","2018-09-28_113306","54.178","-0.596","0.433","-0.756","-1.16","-0.282","0.214","4.76","59.963","-34.599","51.61","1006.37"
"292","1538105586.7165806","2018-09-28_113306","54.154","-0.604","0.424","-0.758","-1.938","0.473","0.298","2.644","59.609","-33.235","51.61","1006.38"
"293","1538105586.7396343","2018-09-28_113306","54.181","-0.605","0.423","-0.757","-0.847","0.252","0.229","4.407","58.194","-34.258","51.61","1006.38"
"294","1538105586.7655363","2018-09-28_113306","54.175","-0.602","0.424","-0.755","-0.778","-1.404","0.214","5.994","59.786","-33.747","51.61","1006.38"
"295","1538105586.790878","2018-09-28_113306","54.166","-0.593","0.422","-0.749","-1.48","-3.601","0.099","5.289","60.14","-33.065","51.61","1006.38"
"296","1538105586.8141663","2018-09-28_113306","54.181","-0.595","0.424","-0.748","-0.977","-4.425","-0.275","5.641","58.371","-33.406","51.61","1006.38"
"297","1538105586.8431008","2018-09-28_113306","54.181","-0.591","0.423","-0.752","-0.32","-3.258","-0.603","4.231","59.432","-34.769","51.61","1006.36"
"298","1538105586.8664622","2018-09-28_113306","54.157","-0.592","0.43","-0.753","-0.053","-2.167","-0.473","4.407","62.085","-32.895","51.61","1006.36"
"299","1538105586.892675","2018-09-28_113306","54.184","-0.59","0.433","-0.75","-0.359","-0.648","-0.519","3.878","60.14","-32.383","51.61","1006.36"
"300","1538105586.9170992","2018-09-28_113306","54.181","-0.592","0.433","-0.748","-0.641","0.229","-0.381","5.465","59.963","-32.895","51.62","1006.38"
"301","1538105586.9693594","2018-09-28_113306","54.181","-0.6","0.431","-0.75","-0.61","1.404","-0.389","5.289","59.786","-33.747","51.62","1006.36"
"302","1538105587.0063221","2018-09-28_113307","54.19","-0.603","0.424","-0.751","-1.19","0.946","-0.595","4.584","58.725","-33.406","51.62","1006.36"
"303","1538105587.0310016","2018-09-28_113307","54.172","-0.609","0.426","-0.756","-0.626","-0.153","-0.755","4.584","57.309","-34.429","51.62","1006.39"
"304","1538105587.0589166","2018-09-28_113307","54.211","-0.602","0.427","-0.751","-0.633","-1.175","-0.565","3.878","59.432","-33.065","51.62","1006.39"
"305","1538105587.0853927","2018-09-28_113307","54.169","-0.6","0.424","-0.75","-0.793","-1.747","-0.458","6.876","59.609","-32.213","51.62","1006.39"
"306","1538105587.108788","2018-09-28_113307","54.187","-0.599","0.429","-0.751","-0.336","-2.052","-0.58","5.465","59.963","-32.213","51.62","1006.36"
"307","1538105587.132149","2018-09-28_113307","54.193","-0.598","0.429","-0.753","-0.481","-1.801","-1.076","4.76","59.963","-34.599","51.62","1006.36"
"308","1538105587.162021","2018-09-28_113307","54.196","-0.599","0.426","-0.752","-0.45","-1.785","-0.145","5.641","59.078","-32.042","51.62","1006.36"
"309","1538105587.1871495","2018-09-28_113307","54.169","-0.594","0.427","-0.751","-0.16","-1.228","-0.168","4.584","60.493","-34.088","51.62","1006.37"
"310","1538105587.2122512","2018-09-28_113307","54.175","-0.599","0.43","-0.753","0.282","-0.343","-0.214","4.407","58.901","-34.258","51.62","1006.37"
"311","1538105587.236928","2018-09-28_113307","54.181","-0.599","0.431","-0.747","0.008","1.053","-0.702","4.055","59.255","-32.554","51.62","1006.37"
"312","1538105587.2637749","2018-09-28_113307","54.181","-0.602","0.429","-0.744","-0.473","1.64","-0.816","5.289","58.725","-33.406","51.62","1006.37"
"313","1538105587.2882712","2018-09-28_113307","54.187","-0.604","0.426","-0.752","-0.549","1.022","-0.038","5.113","58.901","-32.213","51.62","1006.37"
"314","1538105587.3352218","2018-09-28_113307","54.193","-0.606","0.428","-0.748","-0.336","-1.823","0.259","3.526","58.371","-33.065","51.62","1006.39"
"315","1538105587.3607886","2018-09-28_113307","54.199","-0.603","0.428","-0.746","-0.366","-2.441","0.618","5.465","58.548","-32.895","51.62","1006.39"
"316","1538105587.3852623","2018-09-28_113307","54.196","-0.604","0.432","-0.75","-0.916","-1.984","-0.046","5.465","59.609","-32.213","51.63","1006.38"
"317","1538105587.4147766","2018-09-28_113307","54.187","-0.601","0.43","-0.753","-1.068","-0.938","-0.511","3.35","59.609","-34.258","51.63","1006.38"
"318","1538105587.4385953","2018-09-28_113307","54.196","-0.598","0.425","-0.749","-1.419","-0.404","-0.244","4.231","58.725","-31.02","51.63","1006.38"
"319","1538105587.462299","2018-09-28_113307","54.157","-0.601","0.423","-0.752","-0.977","-0.206","-0.175","5.641","59.078","-33.406","51.63","1006.38"
"320","1538105587.489488","2018-09-28_113307","54.154","-0.6","0.425","-0.75","-0.725","-1.678","-0.214","4.231","60.14","-33.406","51.63","1006.38"
"321","1538105587.5158432","2018-09-28_113307","54.181","-0.596","0.424","-0.747","-0.793","-2.022","-0.618","5.994","59.432","-31.702","51.63","1006.38"
"322","1538105587.5403178","2018-09-28_113307","54.184","-0.594","0.426","-0.749","-0.839","-2.144","-0.122","4.936","59.432","-32.383","51.63","1006.38"
"323","1538105587.5721433","2018-09-28_113307","54.187","-0.594","0.43","-0.748","-0.275","-0.534","0.153","5.289","59.786","-33.747","51.63","1006.35"
"324","1538105587.5966733","2018-09-28_113307","54.187","-0.597","0.433","-0.752","-0.214","0.893","-0.32","4.584","58.371","-32.042","51.63","1006.35"
"325","1538105587.6327996","2018-09-28_113307","54.211","-0.598","0.429","-0.75","-0.847","2.647","0.053","4.584","59.786","-32.724","51.63","1006.35"
"326","1538105587.6571646","2018-09-28_113307","54.181","-0.604","0.43","-0.749","-0.854","2.678","0.389","4.76","59.609","-34.258","51.63","1006.39"
"327","1538105587.6833053","2018-09-28_113307","54.187","-0.606","0.427","-0.749","-1.114","2.159","0.099","6.17","60.67","-34.599","51.63","1006.39"
"328","1538105587.7146914","2018-09-28_113307","54.208","-0.606","0.425","-0.747","-0.458","0.671","-0.443","4.936","58.725","-33.747","51.64","1006.39"
"329","1538105587.7394314","2018-09-28_113307","54.163","-0.606","0.43","-0.753","-0.504","-0.351","-0.786","4.407","59.609","-34.258","51.64","1006.39"
"330","1538105587.7669132","2018-09-28_113307","54.199","-0.604","0.432","-0.75","-0.9","-1.289","-0.977","4.936","60.493","-34.429","51.64","1006.39"
"331","1538105587.792759","2018-09-28_113307","54.175","-0.602","0.428","-0.753","-1.045","-1.534","-0.748","5.465","60.316","-33.576","51.63","1006.38"
"332","1538105587.8189187","2018-09-28_113307","54.19","-0.599","0.43","-0.75","-0.839","-0.824","-0.916","5.641","59.432","-33.406","51.63","1006.38"
"333","1538105587.8444126","2018-09-28_113307","54.199","-0.598","0.428","-0.747","-0.839","-0.381","-0.32","6.523","60.67","-34.258","51.63","1006.36"
"334","1538105587.8715286","2018-09-28_113307","54.211","-0.596","0.431","-0.749","-0.885","0.046","-0.45","4.936","60.14","-33.065","51.64","1006.37"
"335","1538105587.8986945","2018-09-28_113307","54.193","-0.598","0.427","-0.751","-1.038","0.374","0.015","5.818","61.024","-34.599","51.64","1006.37"
"336","1538105587.922299","2018-09-28_113307","54.181","-0.597","0.423","-0.754","-0.633","-0.16","0.71","5.465","59.609","-33.917","51.64","1006.38"
"337","1538105587.9534988","2018-09-28_113307","54.196","-0.598","0.427","-0.751","0.389","-0.587","-0.168","4.584","60.14","-33.065","51.64","1006.38"
"338","1538105587.9802437","2018-09-28_113307","54.196","-0.599","0.43","-0.75","0.549","0.633","-0.481","4.584","58.371","-33.747","51.64","1006.4"
"339","1538105588.0048175","2018-09-28_113308","54.205","-0.597","0.434","-0.738","0.145","2.159","-0.282","5.113","58.548","-33.235","51.64","1006.4"
"340","1538105588.0276988","2018-09-28_113308","54.205","-0.605","0.433","-0.74","0.45","2.319","0.473","4.407","58.901","-33.576","51.64","1006.4"
"341","1538105588.0508823","2018-09-28_113308","54.202","-0.607","0.433","-0.751","0.748","1.175","0.465","2.821","60.493","-32.724","51.64","1006.37"
"342","1538105588.0779736","2018-09-28_113308","54.214","-0.606","0.433","-0.754","-0.099","-1.091","0.519","5.113","60.67","-33.576","51.64","1006.37"
"343","1538105588.1025157","2018-09-28_113308","54.229","-0.602","0.43","-0.756","-1.32","-2.541","0.481","5.289","58.371","-32.383","51.64","1006.37"
"344","1538105588.12528","2018-09-28_113308","54.187","-0.602","0.428","-0.751","-1.778","-2.281","0.443","5.465","59.255","-33.235","51.64","1006.36"
"345","1538105588.1495702","2018-09-28_113308","54.178","-0.597","0.425","-0.754","-1.999","-1.572","1.114","4.936","59.432","-34.429","51.64","1006.36"
"346","1538105588.173551","2018-09-28_113308","54.234","-0.594","0.423","-0.747","-1.251","-0.565","0.71","4.055","59.963","-32.895","51.64","1006.36"
"347","1538105588.1974978","2018-09-28_113308","54.214","-0.595","0.419","-0.75","-1.015","-0.053","-0.671","4.231","60.493","-33.406","51.64","1006.36"
"348","1538105588.2237334","2018-09-28_113308","54.211","-0.593","0.421","-0.748","-0.87","-0.076","-0.427","3.878","59.786","-33.747","51.64","1006.36"
"349","1538105588.248342","2018-09-28_113308","54.181","-0.593","0.425","-0.748","-0.427","-0.328","-0.137","4.407","61.732","-32.895","51.64","1006.36"
"350","1538105588.2724688","2018-09-28_113308","54.211","-0.593","0.432","-0.75","-0.046","-0.504","-0.603","4.584","60.14","-34.088","51.65","1006.36"
"351","1538105588.3021772","2018-09-28_113308","54.202","-0.594","0.437","-0.757","-0.496","0.031","-0.45","5.994","60.14","-32.383","51.65","1006.36"
"352","1538105588.32845","2018-09-28_113308","54.217","-0.594","0.439","-0.754","-0.854","1.572","0.122","4.407","58.901","-33.917","51.65","1006.37"
"353","1538105588.3551693","2018-09-28_113308","54.214","-0.597","0.44","-0.751","-1.335","3.098","0.511","4.231","60.847","-33.747","51.65","1006.37"
"354","1538105588.383717","2018-09-28_113308","54.211","-0.602","0.428","-0.752","-1.747","3.159","1.083","4.76","58.901","-33.917","51.65","1006.37"
"355","1538105588.4112003","2018-09-28_113308","54.229","-0.604","0.421","-0.754","-1.572","1.9","0.954","5.113","58.194","-33.235","51.65","1006.37"
"356","1538105588.4352605","2018-09-28_113308","54.217","-0.604","0.425","-0.754","-0.465","0.023","0.29","5.818","60.67","-33.235","51.65","1006.37"
"357","1538105588.458969","2018-09-28_113308","54.196","-0.601","0.428","-0.752","-0.244","-1.152","-0.168","4.055","59.963","-33.576","51.65","1006.39"
"358","1538105588.491252","2018-09-28_113308","54.229","-0.599","0.431","-0.75","-1.053","-1.915","-0.412","6.17","60.316","-32.554","51.65","1006.39"
"359","1538105588.5179312","2018-09-28_113308","54.22","-0.599","0.429","-0.756","-0.496","-1.678","-0.221","3.35","59.963","-34.258","51.65","1006.39"
"360","1538105588.5415192","2018-09-28_113308","54.202","-0.594","0.432","-0.754","-0.435","-1.572","-0.755","3.526","59.786","-33.406","51.66","1006.38"
"361","1538105588.5727007","2018-09-28_113308","54.226","-0.589","0.434","-0.752","-0.793","-0.877","-0.725","5.113","59.609","-33.917","51.66","1006.38"
"362","1538105588.6309934","2018-09-28_113308","54.211","-0.596","0.433","-0.753","-1.251","0.267","0.168","4.936","58.371","-35.11","51.66","1006.36"
"363","1538105588.6559029","2018-09-28_113308","54.202","-0.591","0.433","-0.748","-0.221","0.069","0.175","5.113","59.609","-32.895","51.66","1006.38"
"364","1538105588.681153","2018-09-28_113308","54.208","-0.595","0.426","-0.751","-0.458","-0.465","0.244","3.702","60.67","-33.576","51.66","1006.39"
"365","1538105588.7049713","2018-09-28_113308","54.205","-0.594","0.424","-0.757","-0.229","-0.809","0.572","4.407","58.901","-33.917","51.66","1006.39"
"366","1538105588.7315996","2018-09-28_113308","54.214","-0.599","0.427","-0.762","-0.076","0.107","0.381","4.231","59.432","-32.042","51.66","1006.37"
"367","1538105588.7607996","2018-09-28_113308","54.211","-0.601","0.432","-0.757","-0.038","1.518","0.076","4.055","59.609","-32.554","51.66","1006.37"
"368","1538105588.7909935","2018-09-28_113308","54.234","-0.598","0.44","-0.745","-0.839","1.938","-0.061","3.526","59.432","-33.747","51.66","1006.36"
"369","1538105588.8151984","2018-09-28_113308","54.205","-0.596","0.435","-0.744","-1.549","0.877","0.076","4.055","59.609","-32.895","51.67","1006.36"
"370","1538105588.8447757","2018-09-28_113308","54.234","-0.598","0.43","-0.755","-0.999","-2.22","0.328","4.055","59.963","-34.258","51.67","1006.36"
"371","1538105588.8678157","2018-09-28_113308","54.217","-0.597","0.43","-0.758","-0.359","-4.097","-0.389","3.173","59.078","-33.406","51.67","1006.39"
"372","1538105588.893702","2018-09-28_113308","54.229","-0.593","0.431","-0.758","-0.694","-3.471","-0.427","4.584","60.847","-34.088","51.67","1006.39"
"373","1538105588.9218595","2018-09-28_113308","54.22","-0.587","0.437","-0.751","-0.992","-0.473","0.496","4.584","60.847","-34.088","51.67","1006.39"
